Designator,Mid X,Mid Y,Layer,Rotation
A1,150.4100,-124.7500,Top,180.000000
C1,185.5000,-103.8000,Top,0.000000
C2,176.5200,-105.6200,Top,0.000000
D1,157.0200,-117.6200,Top,0.000000
D2,157.0200,-127.1200,Top,0.000000
D3,140.0000,-129.4000,Top,0.000000
J3,172.0200,-121.6200,Top,0.000000
J4,177.0200,-121.6200,Top,0.000000
J5,182.0200,-121.6200,Top,0.000000
J6,187.0200,-121.6200,Top,0.000000
J7,187.0200,-125.8500,Top,0.000000
J8,163.9000,-122.0000,Top,0.000000
J9,188.6000,-113.0200,Top,0.000000
R1,168.0200,-117.6200,Top,0.000000
R2,168.0200,-127.1200,Top,0.000000
R3,185.0000,-108.3000,Top,-90.000000
U1,171.0200,-88.1200,Top,0.000000
