"Designator","Comment","Footprint","Quantity","MPN","LCSC"
"A1","ESP32_NodeMCU-32S","ignitor:ESP32_NodeMCU-32S","","",""
"C1","100nF","Capacitor_SMD:C_0805_2012Metric","","CC0805KRX7R9BB104","C49678"
"C2","10uF","Capacitor_SMD:C_0805_2012Metric","","CL21A106KAYNNNE","C15850"
"D1","LED_Y","LED_SMD:LED_0805_2012Metric","","KT-0805Y","C2296"
"D2","LED_R","LED_SMD:LED_0805_2012Metric","","NCD0805R1","C84256"
"D3","1N5819","Diode_SMD:D_SMA","","SS14","C2480"
"D4","1N4148","Diode_SMD:D_SOD-123","","1N4148W","C81598"
"D5","1N4007","Diode_SMD:D_SMA","","1N4007","C727081"
"J3","+buzzer","Connector_PinHeader_2.54mm:PinHeader_1x01_P2.54mm_Vertical","","PRPC001SAAN-RC","C492400"
"J4","-buzzer","Connector_PinHeader_2.54mm:PinHeader_1x01_P2.54mm_Vertical","","PRPC001SAAN-RC","C492400"
"J5","NO","Connector_PinHeader_2.54mm:PinHeader_1x01_P2.54mm_Vertical","","PRPC001SAAN-RC","C492400"
"J6","COM","Connector_PinHeader_2.54mm:PinHeader_1x01_P2.54mm_Vertical","","PRPC001SAAN-RC","C492400"
"J7","EXT_PWR","Connector_PinHeader_2.54mm:PinHeader_1x02_P2.54mm_Vertical","","PRPC002SAAN-RC","C492401"
"J8","RELE","Connector_PinHeader_2.54mm:PinHeader_1x03_P2.54mm_Vertical","","PRPC003SAAN-RC","C2937625"
"J9","LED_BTN","Connector_PinHeader_2.54mm:PinHeader_1x02_P2.54mm_Vertical","","PRPC002SAAN-RC","C492401"
"J10","ARM","Connector_PinHeader_2.54mm:PinHeader_1x02_P2.54mm_Vertical","","PZ254V-11-02P","C492401"
"J11","OLED","Connector_PinHeader_2.54mm:PinHeader_1x04_P2.54mm_Vertical","","PZ254V-11-04P","C492403"
"J12","EXP","Connector_PinHeader_2.54mm:PinHeader_1x08_P2.54mm_Vertical","","PZ254V-11-08P","C492407"
"J13","SAIDA_IGNICAO","Connector_PinHeader_2.54mm:PinHeader_1x04_P2.54mm_Vertical","","PZ254V-11-04P","C492403"
"R1-R3","330","Resistor_SMD:R_0805_2012Metric","","0805W8F3300T5E","C17630"
"R4","1k","Resistor_SMD:R_0805_2012Metric","","0805W8F1001T5E","C17513"
"R5-R7","10k","Resistor_SMD:R_0805_2012Metric","","0805W8F1002T5E","C17414"
"U1","Ra-02","ignitor:RA-02_THT","","Ra-02","C90039"
"U2,U3","PC817","Package_SO:SOP-4_4.4x2.6mm_P1.27mm","","PC817C","C3025164"
