Ref,Val,Package,PosX,PosY,Rot,Side
"A1","ESP32_NodeMCU-32S","ESP32_NodeMCU-32S",141.500000,-91.150000,180.000000,top
"C1","100nF","C_0805_2012Metric",180.447600,-118.887200,180.000000,top
"C2","10uF","C_0805_2012Metric",155.630000,-127.001700,180.000000,top
"D1","LED_Y","LED_0805_2012Metric",177.439900,-121.798900,-90.000000,top
"D2","LED_R","LED_0805_2012Metric",183.522900,-127.181800,-90.000000,top
"D3","1N5819","D_SMA",165.830100,-116.316400,180.000000,top
"D4","1N4148","D_SOD-123",161.558500,-122.051000,0.000000,top
"D5","1N4007","D_SMA",186.145500,-119.950500,0.000000,top
"FID1","Fiducial_1mm_Mask2mm","Fiducial_1mm_Mask2mm",122.475000,-73.975000,0.000000,top
"FID2","Fiducial_1mm_Mask2mm","Fiducial_1mm_Mask2mm",203.475000,-125.975000,0.000000,top
"FID3","Fiducial_1mm_Mask2mm","Fiducial_1mm_Mask2mm",122.475000,-125.975000,0.000000,top
"J3","+buzzer","PinHeader_1x01_P2.54mm_Vertical",186.538300,-127.671400,90.000000,top
"J4","-buzzer","PinHeader_1x01_P2.54mm_Vertical",197.184500,-114.429400,0.000000,top
"J5","NO","PinHeader_1x01_P2.54mm_Vertical",197.183900,-100.927600,90.000000,top
"J6","COM","PinHeader_1x01_P2.54mm_Vertical",197.172200,-110.246600,90.000000,top
"J7","EXT_PWR","PinHeader_1x02_P2.54mm_Vertical",130.949500,-125.108600,0.000000,top
"J8","RELE","PinHeader_1x03_P2.54mm_Vertical",180.537800,-122.605700,0.000000,top
"J9","LED_BTN","PinHeader_1x02_P2.54mm_Vertical",170.182000,-125.122800,0.000000,top
"J10","ARM","PinHeader_1x02_P2.54mm_Vertical",162.692400,-125.105000,0.000000,top
"J11","OLED","PinHeader_1x04_P2.54mm_Vertical",166.357000,-120.024300,0.000000,top
"J12","EXP","PinHeader_1x08_P2.54mm_Vertical",174.419500,-127.670200,180.000000,top
"J13","SAIDA_IGNICAO","PinHeader_1x04_P2.54mm_Vertical",197.179600,-79.602400,0.000000,top
"R1","330","R_0805_2012Metric",171.508200,-115.611500,90.000000,top
"R2","330","R_0805_2012Metric",177.247600,-127.121900,-90.000000,top
"R3","330","R_0805_2012Metric",170.831200,-122.025300,0.000000,top
"R4","1k","R_0805_2012Metric",194.281800,-127.361100,-90.000000,top
"R5","10k","R_0805_2012Metric",171.400600,-119.271300,90.000000,top
"R6","10k","R_0805_2012Metric",167.064900,-112.243800,180.000000,top
"R7","10k","R_0805_2012Metric",161.220200,-119.093600,90.000000,top
"U1","Ra-02","RA-02_THT",176.500000,-84.000000,0.000000,top
"U2","PC817","SOP-4_4.4x2.6mm_P1.27mm",189.654100,-116.496400,0.000000,top
"U3","PC817","SOP-4_4.4x2.6mm_P1.27mm",157.071300,-80.755500,90.000000,top
